username,password,account_ids
"qm.team.co+222@gmail.com","Password1","9883300201"
"qm.team.co+333@gmail.com","Password1","9883300201"
"qm.team.co+10000@gmail.com","Pass()12","9883300201;9883300203"
"qm.team.co+1@gmail.com","Password1","9883300201"
"qm.team.co+2@gmail.com","Password1","9883300202;9883300203"
"qm.team.co+3@gmail.com","Password1","9883300201"
"qm.team.co+100@gmail.com","Pass()12","9883300202;9883300203"
"qm.team.co+11@gmail.com","Password1","9883300201"
"qm.team.co+22@gmail.com","Password1","9883300202;9883300203"
"qm.team.co+33@gmail.com","Password1","9883300201"
"qm.team.co+1000@gmail.com","Pass()12","9883300202;9883300203"
"qm.team.co+44@gmail.com","Password1","3020033889"
"qm.team.co+46@gmail.com","Password1","5020033881"
"qm.team.co+47@gmail.com","Password1",""